{
    "male": {
        "0": [
            41.8000818424564,
            -4.600156209788125
        ],
        "1": [
            42.334026045736614,
            -3.6405217491478674
        ],
        "2": [
            42.86797024901683,
            -2.680887288507609
        ],
        "3": [
            43.40191445229705,
            -1.721252827867351
        ],
        "4": [
            43.93585865557726,
            -0.7616183672270931
        ],
        "5": [
            44.469802858857484,
            0.19801609341316476
        ],
        "6": [
            45.0037470621377,
            1.1576505540534232
        ],
        "7": [
            45.53769126541791,
            2.1172850146936812
        ],
        "8": [
            46.07163546869813,
            3.076919475333939
        ],
        "9": [
            46.60557967197834,
            4.036553935974196
        ],
        "10": [
            47.13952387525856,
            4.996188396614454
        ],
        "11": [
            47.67346807853878,
            5.955822857254712
        ],
        "12": [
            48.207412281819,
            6.9154573178949725
        ],
        "13": [
            48.74135648509922,
            7.87509177853523
        ],
        "14": [
            49.27530068837943,
            8.834726239175488
        ],
        "15": [
            49.80924489165965,
            9.794360699815746
        ],
        "16": [
            50.343189094939866,
            10.753995160456004
        ],
        "17": [
            50.87713329822008,
            11.713629621096262
        ],
        "18": [
            51.411077501500294,
            12.67326408173652
        ],
        "19": [
            51.945021704780515,
            13.632898542376777
        ],
        "20": [
            52.47896590806074,
            14.592533003017035
        ],
        "21": [
            53.01291011134094,
            15.552167463657293
        ],
        "22": [
            53.546854314621164,
            16.51180192429755
        ],
        "23": [
            54.080798517901385,
            17.47143638493781
        ],
        "24": [
            54.61474272118159,
            18.43107084557807
        ],
        "25": [
            55.14868692446181,
            19.390705306218326
        ],
        "26": [
            55.682631127742034,
            20.350339766858585
        ],
        "27": [
            56.21657533102225,
            21.30997422749884
        ],
        "28": [
            56.75051953430246,
            22.2696086881391
        ],
        "29": [
            57.28446373758268,
            23.229243148779357
        ],
        "30": [
            57.8184079408629,
            24.188877609419613
        ],
        "31": [
            58.35235214414311,
            25.14851207005987
        ],
        "32": [
            58.88629634742333,
            26.10814653070013
        ],
        "33": [
            59.42024055070355,
            27.06778099134039
        ],
        "34": [
            59.95418475398377,
            28.027415451980644
        ],
        "35": [
            60.48812895726399,
            28.987049912620904
        ],
        "36": [
            61.022073160544196,
            29.94668437326116
        ],
        "37": [
            61.55601736382442,
            30.90631883390142
        ],
        "38": [
            62.08996156710462,
            31.865953294541676
        ],
        "39": [
            62.623905770384845,
            32.825587755181935
        ],
        "40": [
            63.157849973665066,
            33.785222215822195
        ],
        "41": [
            63.69179417694529,
            34.744856676462454
        ],
        "42": [
            64.22573838022551,
            35.70449113710271
        ],
        "43": [
            64.75968258350571,
            36.66412559774297
        ],
        "44": [
            65.29362678678594,
            37.623760058383226
        ],
        "45": [
            65.82757099006614,
            38.583394519023486
        ],
        "46": [
            66.36151519334636,
            39.54302897966374
        ],
        "47": [
            66.89545939662658,
            40.502663440304
        ],
        "48": [
            67.4294035999068,
            41.46229790094426
        ],
        "49": [
            67.96334780318702,
            42.421932361584524
        ],
        "50": [
            68.49729200646723,
            43.38156682222477
        ],
        "51": [
            69.03123620974745,
            44.34120128286503
        ],
        "52": [
            69.56518041302766,
            45.30083574350529
        ],
        "53": [
            70.09912461630788,
            46.260470204145555
        ],
        "54": [
            70.63306881958809,
            47.22010466478581
        ],
        "55": [
            71.16701302286832,
            48.17973912542607
        ],
        "56": [
            71.70095722614853,
            49.13937358606633
        ],
        "57": [
            72.23490142942876,
            50.09900804670659
        ],
        "58": [
            72.76884563270896,
            51.05864250734684
        ],
        "59": [
            73.30278983598919,
            52.0182769679871
        ],
        "60": [
            73.83673403926939,
            52.97791142862736
        ],
        "61": [
            74.37067824254962,
            53.93754588926762
        ],
        "62": [
            74.90462244582983,
            54.89718034990787
        ],
        "63": [
            75.43856664911004,
            55.85681481054813
        ],
        "64": [
            75.97251085239027,
            56.81644927118839
        ],
        "65": [
            76.50645505567049,
            57.77608373182865
        ],
        "66": [
            77.04039925895069,
            58.73571819246891
        ],
        "67": [
            77.57434346223091,
            59.69535265310916
        ],
        "68": [
            78.10828766551113,
            60.65498711374942
        ],
        "69": [
            78.64223186879134,
            61.61462157438968
        ],
        "70": [
            79.17617607207157,
            62.57425603502994
        ],
        "71": [
            79.71012027535178,
            63.53389049567019
        ],
        "72": [
            80.244064478632,
            64.49352495631045
        ],
        "73": [
            80.77800868191223,
            65.45315941695071
        ],
        "74": [
            81.31195288519244,
            66.41279387759097
        ],
        "75": [
            81.84589708847264,
            67.37242833823123
        ],
        "76": [
            82.37984129175287,
            68.33206279887149
        ],
        "77": [
            82.91378549503308,
            69.29169725951175
        ],
        "78": [
            83.4477296983133,
            70.25133172015201
        ],
        "79": [
            83.98167390159351,
            71.21096618079225
        ],
        "80": [
            84.51561810487372,
            72.17060064143251
        ],
        "81": [
            85.04956230815394,
            73.13023510207277
        ],
        "82": [
            85.58350651143417,
            74.08986956271303
        ],
        "83": [
            86.11745071471438,
            75.0495040233533
        ],
        "84": [
            86.6513949179946,
            76.00913848399355
        ],
        "85": [
            87.18533912127482,
            76.96877294463381
        ],
        "86": [
            87.71928332455504,
            77.92840740527407
        ],
        "87": [
            88.25322752783525,
            78.88804186591433
        ],
        "88": [
            88.78717173111548,
            79.84767632655458
        ],
        "89": [
            89.32111593439569,
            80.80731078719484
        ],