{"AFG": 0.5, "AGO": 0.8, "ALB": 2.9, "AND": 2.5, "ARB": 1.62452358185493, "ARE": 1.2, "ARG": 5.0, "ARM": 4.2, "ATG": 3.8, "AUS": 3.8, "AUT": 7.6, "AZE": 4.7, "BDI": 0.8, "BEL": 6.2, "BEN": 0.5, "BFA": 0.4, "BGD": 0.8, "BGR": 6.8, "BHR": 2.0, "BHS": 2.9, "BIH": 3.5, "BLR": 11.0, "BLZ": 1.3, "BMU": 6.3000001907, "BOL": 1.1, "BRA": 2.2, "BRB": 5.8, "BRN": 2.7, "BTN": 1.7, "BWA": 1.8, "CAF": 1.0, "CAN": 2.7, "CEB": 6.42144666078239, "CHE": 4.7, "CHI": 10.595100402832, "CHL": 2.2, "CHN": 4.2, "CIV": 0.4, "CMR": 1.3, "COD": 0.8, "COG": 1.6, "COL": 1.5, "COM": 2.2, "CPV": 2.1, "CRI": 1.2, "CSS": 2.26723392472779, "CUB": 5.2, "CYM": 3.0, "CYP": 3.4, "CZE": 6.5, "DEU": 8.3, "DJI": 1.4, "DMA": 3.8, "DNK": 2.5, "DOM": 1.6, "DZA": 1.9, "EAP": 3.64740030992424, "EAR": 1.22517407197752, "EAS": 4.44360048737964, "ECA": 6.3536554875275, "ECS": 5.92492146211432, "ECU": 1.5, "EGY": 1.6, "EMU": 6.16749081248063, "ERI": 0.7, "ESP": 3.0, "EST": 5.0, "ETH": 0.3, "EUU": 5.60145698850332, "FCS": 0.977004865731628, "FIN": 4.4, "FJI": 2.3, "FRA": 6.5, "FSM": 3.2, "GAB": 6.3, "GBR": 2.8, "GEO": 2.6, "GHA": 0.9, "GIN": 0.3, "GMB": 1.1, "GNB": 1.0, "GNQ": 2.1, "GRC": 4.3, "GRD": 3.7, "GRL": 14.3534002304077, "GTM": 0.6, "GUY": 1.6, "HIC": 4.11059905053985, "HKG": 4.89090013504028, "HND": 0.7, "HPC": 0.743511693980356, "HRV": 5.6, "HTI": 0.7, "HUN": 7.0, "IBD": 2.60296599868027, "IBT": 2.46092538632245, "IDA": 1.44943007620041, "IDB": 1.12268504239384, "IDN": 1.2, "IDX": 0.974968637050281, "IMN": 1.58427938375929, "IND": 0.7, "IRL": 2.8, "IRN": 1.5, "IRQ": 1.4, "ISL": 3.2, "ISR": 3.1, "ITA": 3.4, "JAM": 1.7, "JOR": 1.4, "JPN": 13.4, "KAZ": 6.7, "KEN": 1.4, "KGZ": 4.5, "KHM": 0.8, "KIR": 1.9, "KNA": 2.3, "KOR": 11.5, "KWT": 2.0, "LAC": 2.16290513214949, "LAO": 1.5, "LBN": 2.9, "LBR": 0.8, "LBY": 3.7, "LCA": 1.3, "LCN": 2.17327725929248, "LDC": 0.731796545820335, "LIC": 1.15048405799908, "LKA": 3.6, "LMC": 0.986123631392897, "LMY": 2.43200610494476, "LSO": 1.3, "LTE": 4.2193819656913, "LTU": 7.3, "LUX": 4.8, "LVA": 5.8, "MAC": 5.29530000686646, "MAR": 1.1, "MCO": 13.8, "MDA": 5.8, "MDG": 0.2, "MDV": 4.3, "MEA": 1.62848507118594, "MEX": 1.5, "MHL": 2.7, "MIC": 2.40067312058978, "MKD": 4.4, "MLI": 0.1, "MLT": 4.7, "MMR": 0.9, "MNA": 1.51669671692738, "MNE": 4.0, "MNG": 7.0, "MOZ": 0.7, "MRT": 0.4, "MUS": 3.4, "MWI": 1.3, "MYS": 1.9, "NAC": 2.9, "NAM": 2.7, "NER": 0.3, "NGA": 0.5, "NIC": 0.9, "NLD": 4.7, "NOR": 3.9, "NPL": 0.3, "NRU": 5.0, "NZL": 2.8, "OED": 3.81428042462959, "OMN": 1.6, "PAK": 0.6, "PAN": 2.3, "PER": 1.6, "PHL": 1.0, "PLW": 4.8, "PNG": 4.0241999626, "POL": 6.5, "PRE": 1.3293418500642, "PRI": 3.3199999332, "PRK": 13.2, "PRT": 3.4, "PRY": 1.3, "PSE": 1.2000000477, "PSS": 2.0768964148197, "PST": 4.60721290884284, "QAT": 1.2, "ROU": 6.3, "RUS": 8.2, "RWA": 1.6, "SAS": 0.674261834507074, "SAU": 2.7, "SDN": 0.8, "SEN": 0.3, "SGP": 2.4, "SLB": 1.4, "SLE": 0.4, "SLV": 1.3, "SMR": 3.8, "SOM": 0.9, "SRB": 5.7, "SSA": 1.21257542231363, "SSF": 1.21257542231363, "SST": 4.57515411748174, "STP": 2.9, "SUR": 3.1, "SVK": 5.8, "SVN": 4.6, "SWE": 2.6, "SWZ": 2.1, "SYC": 3.6, "SYR": 1.5, "TCD": 0.4, "TEA": 3.5142490496806, "TEC": 6.36194887522994, "TGO": 0.7, "THA": 2.1, "TJK": 4.8, "TKM": 7.4, "TLA": 2.08967547696012, "TLS": 5.9, "TMN": 1.51669671692738, "TON": 2.6, "TSA": 0.674261834507074, "TSS": 1.21257542231363, "TTO": 3.0, "TUN": 2.3, "TUR": 2.7, "TUV": 5.6, "TZA": 0.7, "UGA": 0.5, "UKR": 8.8, "UMC": 3.84964733518275, "URY": 2.8, "USA": 2.9, "UZB": 4.0, "VCT": 2.6, "VEN": 0.8, "VIR": 18.6800003052, "VNM": 2.6, "VUT": 1.7, "WLD": 2.70476928109424, "WSM": 1.0, "YEM": 0.7, "ZAF": 2.8, "ZMB": 2.0, "ZWE": 1.7}