{"ABW": 25630.2664922069, "AFG": 520.896602719135, "AGO": 3432.38573600893, "ALB": 5268.84850355919, "AND": 42029.7627372989, "ARB": 6608.80697772202, "ARE": 43004.9533584848, "ARG": 11683.9496216363, "ARM": 4212.07094272937, "ASM": 11466.6907058505, "ATG": 16726.9808079479, "AUS": 57373.6866841281, "AUT": 51461.9547804677, "AZE": 4721.17808673142, "BDI": 271.752044376648, "BEL": 47518.6360388914, "BEN": 901.543871206357, "BFA": 715.12290404614, "BGD": 1698.26280233547, "BGR": 9272.62930360848, "BHR": 24050.7575053956, "BHS": 32217.871590084, "BIH": 6065.67270824158, "BLR": 6289.93855308212, "BLZ": 4884.74242133376, "BMU": 85748.0654143782, "BOL": 3548.59013979338, "BRA": 8920.76210462979, "BRB": 17949.2815054371, "BRN": 31628.3287914349, "BTN": 3243.23112508014, "BWA": 8258.64166574691, "CAF": 475.721250544318, "CAN": 46232.9896226967, "CEB": 15929.004063352, "CHE": 82796.5471631285, "CHI": 74462.646746792, "CHL": 15923.3587375381, "CHN": 9770.84708783314, "CIV": 1715.53133212649, "CMR": 1533.74213975885, "COD": 561.777182390425, "COG": 2147.76946104594, "COL": 6667.7906995498, "COM": 1415.26362231562, "CPV": 3635.40684982339, "CRI": 12027.3658826316, "CSS": 9991.01614896676, "CUB": 8821.81889125004, "CUW": 19567.8924351055, "CYM": 81124.5134794821, "CYP": 28159.3016999455, "CZE": 23078.5734865691, "DEU": 47603.0276328757, "DJI": 3082.54309871957, "DMA": 7691.34509727878, "DNK": 61350.3479093986, "DOM": 8050.63160184635, "DZA": 4114.71506136896, "EAP": 7822.8548040433, "EAR": 3581.89016033881, "EAS": 11142.5912256168, "ECA": 8163.51710520999, "ECS": 25107.2744154631, "ECU": 6344.87197850057, "EGY": 2549.13225178609, "EMU": 39927.6175863294, "ERI": 811.376028602108, "ESP": 30370.8923252247, "EST": 23266.3462718751, "ETH": 772.313530261357, "EUU": 36569.7338172336, "FCS": 1633.16563964279, "FIN": 50152.3401411303, "FJI": 6266.96796528074, "FRA": 41463.6440227034, "FRO": 55822.9147203438, "FSM": 3568.29082936098, "GAB": 7952.52589277651, "GBR": 42943.9022698053, "GEO": 4717.14302573577, "GHA": 2202.31216442504, "GIN": 878.599613250501, "GMB": 716.118488979126, "GNB": 777.969921802522, "GNQ": 10261.7600116887, "GRC": 20324.2535641478, "GRD": 10640.496760331, "GRL": 48181.874188064, "GTM": 4549.01008110721, "GUM": 35712.5621350321, "GUY": 4979.00218839886, "HIC": 44786.5796621349, "HKG": 48675.6164599767, "HND": 2500.11321286023, "HPC": 934.613745816671, "HRV": 14909.6931860854, "HTI": 868.34202469407, "HUN": 16161.9805101918, "IBD": 6385.46162560212, "IBT": 5098.525112462, "IDA": 1359.23373518049, "IDB": 1787.91519951321, "IDN": 3893.59607757239, "IDX": 1139.61185397953, "IMN": 80989.1722114502, "IND": 2009.97885727039, "IRL": 78806.431996268, "IRN": 5627.74926845456, "IRQ": 5834.16621076061, "ISL": 73191.1163154337, "ISR": 41715.0292840432, "ITA": 34483.2039992043, "JAM": 5354.2368587703, "JOR": 4241.78878213854, "JPN": 39289.9584346358, "KAZ": 9812.60113654067, "KEN": 1710.51009699405, "KGZ": 1281.36366078545, "KHM": 1510.3248705764, "KIR": 1625.28610001512, "KNA": 19275.4185126566, "KOR": 31362.75147294, "KWT": 33994.4065667831, "LAC": 8546.01902176315, "LAO": 2542.4865281792, "LBN": 8269.78767551923, "LBR": 677.322178545364, "LBY": 7241.70448113024, "LCA": 10566.0497458462, "LCN": 9044.21587884566, "LDC": 1054.4514989109, "LIC": 833.875876051462, "LIE": 165028.245029187, "LKA": 4102.48135014467, "LMC": 2217.09392828766, "LMY": 4971.14867747042, "LSO": 1299.15312598733, "LTE": 9692.65276890505, "LTU": 19153.4089860651, "LUX": 116639.88804711, "LVA": 17860.6171980214, "MAC": 87208.535912643, "MAR": 3237.88336815666, "MCO": 185741.279991587, "MDA": 3227.3121916043, "MDG": 527.501285041282, "MDV": 10330.615614094, "MEA": 8042.8494647245, "MEX": 9673.44367360619, "MHL": 3788.16359372058, "MIC": 5485.4691651995, "MKD": 6083.71894832148, "MLI": 899.659908096615, "MLT": 30098.2833099975, "MMR": 1325.9529237064, "MNA": 3823.21794687243, "MNE": 8844.23698538056, "MNG": 4121.73243469391, "MNP": 23258.6758552794, "MOZ": 498.957220208652, "MRT": 1188.83458753973, "MUS": 11238.6903948961, "MWI": 389.398033178836, "MYS": 11373.2330025676, "NAC": 61117.0483726436, "NAM": 5931.45388611617, "NCL": 12579.5951055864, "NER": 413.980304962089, "NGA": 2028.18197017598, "NIC": 2028.89475539369, "NLD": 53024.0592130531, "NOR": 81697.2459836768, "NPL": 1033.91243082634, "NRU": 9888.89359652993, "NZL": 41945.3316690932, "OED": 40410.4547316493, "OMN": 16415.1572780989, "OSS": 14704.8329329937, "PAK": 1482.40306306798, "PAN": 15575.0725482915, "PER": 6941.23584763012, "PHL": 3102.71336329931, "PLW": 15859.4348578768, "PNG": 2730.27479935873, "POL": 15420.9111634295, "PRE": 1437.28936962287, "PRI": 31651.3481514031, "PRT": 23407.9065887968, "PRY": 5821.81432292324, "PSE": 3198.86664447405, "PSS": 4224.52989029586, "PST": 45126.4977785641, "PYF": 14323.820820245, "QAT": 68793.7844372614, "ROU": 12301.1864034302, "RUS": 11288.8724435206, "RWA": 772.944459929187, "SAS": 1902.8026286069, "SAU": 23338.9634580718, "SDN": 977.273635724417, "SEN": 1521.95355421391, "SGP": 64581.9440183954, "SLB": 2137.69069539357, "SLE": 533.991184258936, "SLV": 4058.25243928118, "SMR": 48494.5514112427, "SOM": 314.544165670763, "SRB": 7246.73165586437, "SSA": 1584.43823372274, "SSD": 1119.65133182314, "SSF": 1585.77214781685, "SST": 13213.6130975252, "STP": 2001.14090226164, "SUR": 6234.04492230646, "SVK": 19442.7057620693, "SVN": 26123.9738694646, "SWE": 54608.3602546906, "SWZ": 4145.97411168691, "SYC": 16433.9352865158, "SYR": 2032.62348932701, "TCA": 27142.2277976902, "TCD": 728.343235359289, "TEA": 7905.0351475861, "TEC": 8822.86923223195, "TGO": 679.257083602874, "THA": 7273.56320732092, "TJK": 826.621530538704, "TKM": 6966.63541063077, "TLA": 8887.51136267301, "TLS": 2035.53390768881, "TMN": 3829.43422629961, "TON": 4364.01556134949, "TSA": 1902.8026286069, "TSS": 1585.77214781685, "TTO": 17129.9130902577, "TUN": 3447.50790975551, "TUR": 9370.1763438282, "TUV": 3700.71067713471, "TZA": 1050.67525379846, "UGA": 642.776744292007, "UKR": 3095.17358053586, "UMC": 9205.37873960243, "URY": 17277.9701105496, "USA": 62794.5856522398, "UZB": 1532.37167679684, "VCT": 7361.4009618002, "VEN": 16054.4905130962, "VIR": 35938.0243875154, "VNM": 2566.59694958511, "VUT": 3123.89339649956, "WLD": 11312.4399293599, "WSM": 4183.40793504696, "XKX": 4302.27648252378, "YEM": 944.408499373419, "ZAF": 6374.02819575944, "ZMB": 1539.90015779907, "ZWE": 2146.99638487707}